Workbook

Sheet Time Log
A1: Modiin4u — Time Log
A2: Arvindra Singh · GTS Infosoft
A4: Date | B4: Day | C4: Area | D4: Work done | E4: Hours | F4: Status
A5: 2026-08-11 | B5: =IF(A5="","",TEXT(A5,"ddd")) | C5: Setup | D5: Project set up; 24 screens scaffolded across events, real estate, community, deals, games, steps, parking and admin | E5: 4 | F5: Done
A6: 2026-08-12 | B6: =IF(A6="","",TEXT(A6,"ddd")) | C6: App shell | D6: Onboarding, search, dark mode, community feed; real estate rebuilt from Figma; auth screens and map | E6: 6 | F6: Done
A7: 2026-08-28 | B7: =IF(A7="","",TEXT(A7,"ddd")) | C7: Admin panel | D7: Admin dashboard built out — 23 sections with their screens; analytics dashboard; images on articles and businesses | E7: 5 | F7: Done
A8: 2026-09-14 | B8: =IF(A8="","",TEXT(A8,"ddd")) | C8: Web + screens | D8: Web production pages: homepage, real estate, listing detail. New screens for auth, restaurants, events map. Platform configs, icons, splash | E8: 7 | F8: Done
A9: 2026-09-15 | B9: =IF(A9="","",TEXT(A9,"ddd")) | C9: Web | D9: Real estate search for sale and rent, web layout | E9: 3 | F9: Done
A10: 2026-09-16 | B10: =IF(A10="","",TEXT(A10,"ddd")) | C10: Content import | D10: Directory, news, restaurants and map pulled from the WordPress export; desktop pages for deals, events, news, municipal; shared navbar and footer | E10: 8 | F10: Done
A11: 2026-09-18 | B11: =IF(A11="","",TEXT(A11,"ddd")) | C11: Content import | D11: Every article bundled and every category exposed | E11: 3 | F11: Done
A12: 2026-09-20 | B12: =IF(A12="","",TEXT(A12,"ddd")) | C12: Database | D12: SQL seed generated from the WordPress export | E12: 3 | F12: Done
A13: 2026-09-23 | B13: =IF(A13="","",TEXT(A13,"ddd")) | C13: Live data | D13: News, businesses, restaurants, events, map and search moved onto the live database — 200 businesses and 659 articles with their photographs | E13: 4 | F13: Done
A14: 2026-09-23 | B14: =IF(A14="","",TEXT(A14,"ddd")) | C14: App quality | D14: Loading states matched to the real layout; back button fixed across the app; scrolling freed to the screen's full refresh rate; fonts bundled instead of downloaded | E14: 2 | F14: Done
A15: 2026-09-23 | B15: =IF(A15="","",TEXT(A15,"ddd")) | C15: Accounts | D15: Sign-in, sign-up, forgot and change password on Supabase; account deletion; notification preferences; access controls; saved favourites | E15: 3 | F15: Done
A16: 2026-09-23 | B16: =IF(A16="","",TEXT(A16,"ddd")) | C16: Maps | D16: Google Maps on the client's key, with the app's own markers; key kept out of the repository | E16: 1.5 | F16: Done
... A19: 2026-09-23 | B19: =IF(A19="","",TEXT(A19,"ddd")) | C19: Languages | D19: Hebrew and English with a working switch; sign-in and settings translated | E19: 1.5 | F19: Done
B20: =IF(A20="","",TEXT(A20,"ddd"))
B21: =IF(A21="","",TEXT(A21,"ddd"))
B22: =IF(A22="","",TEXT(A22,"ddd"))
B23: =IF(A23="","",TEXT(A23,"ddd"))
B24: =IF(A24="","",TEXT(A24,"ddd"))
B25: =IF(A25="","",TEXT(A25,"ddd"))
B26: =IF(A26="","",TEXT(A26,"ddd"))
B27: =IF(A27="","",TEXT(A27,"ddd"))
B28: =IF(A28="","",TEXT(A28,"ddd"))
B29: =IF(A29="","",TEXT(A29,"ddd"))
B30: =IF(A30="","",TEXT(A30,"ddd"))
B31: =IF(A31="","",TEXT(A31,"ddd"))
... B59: =IF(A59="","",TEXT(A59,"ddd"))
D61: Total hours | E61: =SUM(E5:E59)
A63: How to use
A64: Add one row per block of work. Type the date in column A — the day fills in by itself.
A65: Hours are in decimals: 90 minutes is 1.5.
A66: Status is a dropdown: Done, In progress, Blocked, On hold.
A67: The summary tab adds itself up from this one — nothing to keep in step by hand.

Sheet Summary
A1: Summary
A3: By area
A4: Area | B4: Hours | C4: Share
A5: Accounts | B5: =SUMIF('Time Log'!$C$5:$C$59,A5,'Time Log'!$E$5:$E$59) | C5: =IF($B$18=0,0,B5/$B$18)
A6: Admin panel | B6: =SUMIF('Time Log'!$C$5:$C$59,A6,'Time Log'!$E$5:$E$59) | C6: =IF($B$18=0,0,B6/$B$18)
A7: App quality | B7: =SUMIF('Time Log'!$C$5:$C$59,A7,'Time Log'!$E$5:$E$59) | C7: =IF($B$18=0,0,B7/$B$18)
A8: App shell | B8: =SUMIF('Time Log'!$C$5:$C$59,A8,'Time Log'!$E$5:$E$59) | C8: =IF($B$18=0,0,B8/$B$18)
A9: Content import | B9: =SUMIF('Time Log'!$C$5:$C$59,A9,'Time Log'!$E$5:$E$59) | C9: =IF($B$18=0,0,B9/$B$18)
A10: Database | B10: =SUMIF('Time Log'!$C$5:$C$59,A10,'Time Log'!$E$5:$E$59) | C10: =IF($B$18=0,0,B10/$B$18)
A11: Languages | B11: =SUMIF('Time Log'!$C$5:$C$59,A11,'Time Log'!$E$5:$E$59) | C11: =IF($B$18=0,0,B11/$B$18)
A12: Live data | B12: =SUMIF('Time Log'!$C$5:$C$59,A12,'Time Log'!$E$5:$E$59) | C12: =IF($B$18=0,0,B12/$B$18)
A13: Maps | B13: =SUMIF('Time Log'!$C$5:$C$59,A13,'Time Log'!$E$5:$E$59) | C13: =IF($B$18=0,0,B13/$B$18)
A14: Setup | B14: =SUMIF('Time Log'!$C$5:$C$59,A14,'Time Log'!$E$5:$E$59) | C14: =IF($B$18=0,0,B14/$B$18)
A15: Web | B15: =SUMIF('Time Log'!$C$5:$C$59,A15,'Time Log'!$E$5:$E$59) | C15: =IF($B$18=0,0,B15/$B$18)
A16: Web + screens | B16: =SUMIF('Time Log'!$C$5:$C$59,A16,'Time Log'!$E$5:$E$59) | C16: =IF($B$18=0,0,B16/$B$18)
A18: Total | B18: =SUM(B5:B16) | C18: =IF(B18=0,0,1)
A21: By day
A22: Date | B22: Hours | C22: Entries
A23: 2026-08-11 | B23: =SUMIF('Time Log'!$A$5:$A$59,A23,'Time Log'!$E$5:$E$59) | C23: =COUNTIF('Time Log'!$A$5:$A$59,A23)
A24: 2026-08-12 | B24: =SUMIF('Time Log'!$A$5:$A$59,A24,'Time Log'!$E$5:$E$59) | C24: =COUNTIF('Time Log'!$A$5:$A$59,A24)
A25: 2026-08-28 | B25: =SUMIF('Time Log'!$A$5:$A$59,A25,'Time Log'!$E$5:$E$59) | C25: =COUNTIF('Time Log'!$A$5:$A$59,A25)
A26: 2026-09-14 | B26: =SUMIF('Time Log'!$A$5:$A$59,A26,'Time Log'!$E$5:$E$59) | C26: =COUNTIF('Time Log'!$A$5:$A$59,A26)
A27: 2026-09-15 | B27: =SUMIF('Time Log'!$A$5:$A$59,A27,'Time Log'!$E$5:$E$59) | C27: =COUNTIF('Time Log'!$A$5:$A$59,A27)
A28: 2026-09-16 | B28: =SUMIF('Time Log'!$A$5:$A$59,A28,'Time Log'!$E$5:$E$59) | C28: =COUNTIF('Time Log'!$A$5:$A$59,A28)
A29: 2026-09-18 | B29: =SUMIF('Time Log'!$A$5:$A$59,A29,'Time Log'!$E$5:$E$59) | C29: =COUNTIF('Time Log'!$A$5:$A$59,A29)
A30: 2026-09-20 | B30: =SUMIF('Time Log'!$A$5:$A$59,A30,'Time Log'!$E$5:$E$59) | C30: =COUNTIF('Time Log'!$A$5:$A$59,A30)
A31: 2026-09-23 | B31: =SUMIF('Time Log'!$A$5:$A$59,A31,'Time Log'!$E$5:$E$59) | C31: =COUNTIF('Time Log'!$A$5:$A$59,A31)
A33: Both tables read the Time Log tab, so adding a row there updates them.
